iter	Logloss
0	0.6192901455
1	0.6066232503
2	0.6012468736
3	0.5971681166
4	0.5954391486
5	0.5940425045
6	0.5924363497
7	0.5896571686
8	0.5881414544
